{
  "indexes": [
    {
      "collectionGroup": "items",
      "queryScope": "COLLECTION",
      "fields": [
        { "fieldPath": "flagLow", "order": "ASCENDING" },
        { "fieldPath": "updatedAt", "order": "DESCENDING" }
      ]
    },
    {
      "collectionGroup": "items",
      "queryScope": "COLLECTION",
      "fields": [
        { "fieldPath": "flagExpiringSoon", "order": "ASCENDING" },
        { "fieldPath": "earliestExpiresAt", "order": "ASCENDING" }
      ]
    },
    {
      "collectionGroup": "items",
      "queryScope": "COLLECTION",
      "fields": [
        { "fieldPath": "flagStale", "order": "ASCENDING" },
        { "fieldPath": "updatedAt", "order": "DESCENDING" }
      ]
    },
    {
      "collectionGroup": "items",
      "queryScope": "COLLECTION",
      "fields": [
        { "fieldPath": "flagExcess", "order": "ASCENDING" },
        { "fieldPath": "updatedAt", "order": "DESCENDING" }
      ]
    },
    {
      "collectionGroup": "cart_sessions",
      "queryScope": "COLLECTION",
      "fields": [
        { "fieldPath": "status", "order": "ASCENDING" },
        { "fieldPath": "updatedAt", "order": "DESCENDING" }
      ]
    },
    {
      "collectionGroup": "cart_sessions",
      "queryScope": "COLLECTION",
      "fields": [
        { "fieldPath": "status", "order": "ASCENDING" },
        { "fieldPath": "closedAt", "order": "DESCENDING" }
      ]
    },
    {
      "collectionGroup": "cart_sessions",
      "queryScope": "COLLECTION",
      "fields": [
        { "fieldPath": "interventionId", "order": "ASCENDING" },
        { "fieldPath": "status", "order": "ASCENDING" },
        { "fieldPath": "closedAt", "order": "DESCENDING" }
      ]
    }
  ],
  "fieldOverrides": []
}
